{
    "resources": [
        {
            "name": "manifest.json"
        },
        {
            "name": "controller/BaseController.js"
        },
        {
            "name": "model/controlsClosed.json"
        },
        {
            "name": "i18n/i18n.properties",
            "raw": "i18n/i18n.properties"
        },
        {
            "name": "model/models.js"
        },
        {
            "name": "model/controlsOpened.json"
        },
        {
            "name": "controller/BPList.controller.js"
        },
        {
            "name": "controller/BPDetail.controller.js"
        },
        {
            "name": "controller/App.controller.js"
        },
        {
            "name": "Component.js"
        },
        {
            "name": "manifest-bundle.zip"
        },
        {
            "name": "Component-preload.js",
            "merged": true
        },
        {
            "name": "controller/App-dbg.controller.js",
            "isDebug": true
        },
        {
            "name": "controller/BaseController-dbg.js",
            "isDebug": true
        },
        {
            "name": "controller/BPList-dbg.controller.js",
            "isDebug": true
        },
        {
            "name": "controller/BPDetail-dbg.controller.js",
            "isDebug": true
        },
        {
            "name": "model/models-dbg.js",
            "isDebug": true
        },
        {
            "name": "Component-dbg.js",
            "isDebug": true
        },
        {
            "name": "../../sap-ui-version.json"
        },
        {
            "name": "view/BPList.view.xml"
        },
        {
            "name": "view/BPDetail.view.xml"
        },
        {
            "name": "view/App.view.xml"
        },
        {
            "name": "fragment/CountryDialog.fragment.xml"
        },
        {
            "name": "css/style.css"
        },
        {
            "name": "index.html"
        }
    ]
}