{
  "controller/BPList-dbg.controller.js": 1616261558101,
  "controller/BaseController.js": 1616261004528,
  "model/controlsClosed.json": 1616251429703,
  "manifest.json": 1616267660469,
  "model/models.js": 1615666919500,
  "model/controlsOpened.json": 1616251328002,
  "controller/BPList.controller.js": 1616261558101,
  "controller/BPDetail.controller.js": 1616265910707,
  "controller/App.controller.js": 1615667384751,
  "Component.js": 1615666919500,
  "manifest-bundle.zip": 1616267660047,
  "Component-preload.js": 1616267660414,
  "controller/App-dbg.controller.js": 1615667384751,
  "controller/BaseController-dbg.js": 1616261004528,
  "i18n/i18n.properties": 1616261063232,
  "controller/BPDetail-dbg.controller.js": 1616265910707,
  "model/models-dbg.js": 1615666919500,
  "Component-dbg.js": 1615666919500,
  "resources.json": 1616267660473,
  "view/BPList.view.xml": 1616264492008,
  "view/BPDetail.view.xml": 1616265283158,
  "view/App.view.xml": 1615669182288,
  "fragment/CountryDialog.fragment.xml": 1616265089042,
  "css/style.css": 1616247510483,
  "index.html": 1615666919500
}